URL,Version,Status,OIDs,Name,Title,Descriptino,Uses,Used,Sources
https://interop.esante.gouv.fr/ig/fhir/vs/ValueSet/EyeColorVS,0.1.0,draft,,EyeColorVS,EyeColor Value Set,"Different eye colors.",,"SCT"
https://interop.esante.gouv.fr/ig/fhir/vs/ValueSet/MeltingPotVS,0.1.0,draft,,MeltingPotVS,Melting Pot Value Set,"Melting Pot Value Set.",,"SCT,Internal"
https://interop.esante.gouv.fr/ig/fhir/vs/ValueSet/ModifiedAdministrativeGender,0.1.0,draft,,ModifiedAdministrativeGender,ModifiedAdministrativeGender,"AdministrativeGender without unknown code",,"hl7.fhir.r4.core"
https://interop.esante.gouv.fr/ig/fhir/vs/ValueSet/TypeCarteVS,0.1.0,draft,,TypeCarteVS,Type Carte Value Set,"Type Carte Value Set.",,"Internal"
